Feature,Importance
daily_gaming_hours,0.49828332571837186
age,0.1795702848875131
primary_game,0.13087524212015952
gaming_platform,0.07642572128434084
game_genre,0.0708530169734676
gender,0.04399240901614711
