{
    "default_model": {
        "threshold": 0.5,
        "f1_score": 0.8120300751879699,
        "roc_auc": 0.7583018074821354,
        "pr_auc": 0.7796439168751783,
        "confusion_matrix": [
            [
                42,
                36
            ],
            [
                14,
                108
            ]
        ]
    },
    "threshold_tuned_model": {
        "threshold": 0.3,
        "f1_score": 0.8368794326241135,
        "roc_auc": 0.7583018074821354,
        "pr_auc": 0.7796439168751783,
        "threshold_results": [
            [
                0.3,
                0.8368794326241135
            ],
            [
                0.35,
                0.8345323741007195
            ],
            [
                0.39999999999999997,
                0.8290909090909091
            ],
            [
                0.44999999999999996,
                0.8148148148148148
            ],
            [
                0.49999999999999994,
                0.8120300751879699
            ],
            [
                0.5499999999999999,
                0.7890625
            ],
            [
                0.5999999999999999,
                0.7560975609756098
            ],
            [
                0.6499999999999999,
                0.7413793103448276
            ],
            [
                0.7,
                0.6820276497695853
            ]
        ]
    },
    "gridsearch_tuned_model": {
        "best_params": {
            "max_depth": 10,
            "min_samples_leaf": 4,
            "min_samples_split": 2,
            "n_estimators": 300
        },
        "best_cv_roc_auc": 0.7606831603054701,
        "threshold": 0.3,
        "f1_score": 0.8540925266903915,
        "roc_auc": 0.7671290458175704,
        "pr_auc": 0.7890040840797627,
        "threshold_results": [
            [
                0.3,
                0.8540925266903915
            ],
            [
                0.35,
                0.8458781362007168
            ],
            [
                0.39999999999999997,
                0.8436363636363636
            ],
            [
                0.44999999999999996,
                0.8339483394833949
            ],
            [
                0.49999999999999994,
                0.8122605363984674
            ],
            [
                0.5499999999999999,
                0.792
            ],
            [
                0.5999999999999999,
                0.7272727272727273
            ],
            [
                0.6499999999999999,
                0.6698113207547169
            ],
            [
                0.7,
                0.5638297872340425
            ]
        ]
    }
}